{
    "data": [
      {
        "matricule": "GEO-Bintou-01",
        "firstName": "Bintou",
        "lastName": "Dao",
        "date": "20/06/2020",
        "site": {"name": "Site A"},
        "hour": "05:49 à 12:35",
        "time": "06h:46",
        "status": "Dépassé"
      },
      {
        "matricule": "GEO-Bintou-01",
        "firstName": "Bintou",
        "lastName": "Dao",
        "date": "21/06/2020",
        "site": {"name": "Site A"},
        "hour": "06:05 à 12:02",
        "time": "06h:07",
        "status": "Atteint"
      },
      {
        "matricule": "GEO-Bintou-01",
        "firstName": "Bintou",
        "lastName": "Dao",
        "date": "21/06/2020",
        "site": {"name": "Site A"},
        "hour": "06:50 à 12:10",
        "time": "05h:20",
        "status": "Non atteint"
      }
    ]
  }