{
    "data": [
      {
        "id": 1,
        "lastName":"Eternal Flame",
        "firstName": "Uppercut",
        "email": "test@gmail.com",
        "tel": "87885421",
        "avatar": "/sss/dhdhd/jj.png",
        "birthDate": "December 17, 1995 03:24:00",
        "birthPlace": "Daoukro",
        "site": {
          "name":"Eternal Flame"
        },
        "category": {
          "name":"Eternal Flame"
        },
        "service": {
          "name":"Eternal Flame"
        },
        "group": {
          "name":"Eternal Flame"
        }
      },
      {
        "id": 2,
        "lastName":"Eternal Flame",
        "firstName": "Uppercut",
        "email": "test@gmail.com",
        "tel": "87885421",
        "supervisor": {
          "lastName":"Eternal Flame",
          "firstName": "Uppercut",
          "tel": "09885421",
          "email": "testmail@gmail.com"
        },
        "description": "Million tonne punch. Damage resistance",
        "indicator":"Damage resistance",
        "lng": 8855.887,
        "lat": 10.77,
        "status": 0,
        "employeesNumber": 30
      },
      {
        "id": 3,
        "lastName":"Eternal Flame",
        "firstName": "Uppercut",
        "email": "test@gmail.com",
        "tel": "87885421",
        "supervisor": {
          "lastName":"Eternal Flame",
          "firstName": "Uppercut",
          "tel": "09885421",
          "email": "testmail@gmail.com"
        },
        "description": "Million tonne punch. Damage resistance",
        "indicator":"Damage resistance",
        "lng": 8855.887,
        "lat": 10.77,
        "status": 0,
        "employeesNumber": 30
      }
    ]
}